id,label,videos
1,conca,"1_01.mp4, 1_02.mp4, 1_03.mp4, 1_04.mp4, 1_05.mp4, 1_06.mp4, 1_07.mp4"
10,conong,"10_01.mp4, 10_02.mp4, 10_03.mp4, 10_04.mp4, 10_05.mp4, 10_06.mp4, 10_07.mp4"
11,conruoi,"11_01.mp4, 11_02.mp4, 11_03.mp4, 11_04.mp4, 11_05.mp4, 11_06.mp4, 11_07.mp4"
12,consau,"12_01.mp4, 12_02.mp4, 12_03.mp4, 12_04.mp4, 12_05.mp4, 12_06.mp4, 12_07.mp4"
13,consutu,"13_01.mp4, 13_02.mp4, 13_03.mp4, 13_04.mp4, 13_05.mp4, 13_06.mp4, 13_07.mp4"
14,contrai,"14_01.mp4, 14_02.mp4, 14_03.mp4, 14_04.mp4, 14_05.mp4, 14_06.mp4, 14_07.mp4"
15,contran,"15_01.mp4, 15_02.mp4, 15_03.mp4, 15_04.mp4, 15_05.mp4, 15_06.mp4, 15_07.mp4"
2,concho,"2_01.mp4, 2_02.mp4, 2_03.mp4, 2_04.mp4, 2_05.mp4, 2_06.mp4, 2_07.mp4"
3,concong,"3_01.mp4, 3_02.mp4, 3_03.mp4, 3_04.mp4, 3_05.mp4, 3_06.mp4, 3_07.mp4"
4,concua,"4_01.mp4, 4_02.mp4, 4_03.mp4, 4_04.mp4, 4_05.mp4, 4_06.mp4, 4_07.mp4"
5,conga,"5_01.mp4, 5_02.mp4, 5_03.mp4, 5_04.mp4, 5_05.mp4, 5_06.mp4, 5_07.mp4"
6,congau,"6_01.mp4, 6_02.mp4, 6_03.mp4, 6_04.mp4, 6_05.mp4, 6_06.mp4, 6_07.mp4"
7,congian,"7_01.mp4, 7_02.mp4, 7_03.mp4, 7_04.mp4, 7_05.mp4, 7_06.mp4, 7_07.mp4"
8,conmeo,"8_01.mp4, 8_02.mp4, 8_03.mp4, 8_04.mp4, 8_05.mp4, 8_06.mp4, 8_07.mp4"
9,conmuc,"9_01.mp4, 9_02.mp4, 9_03.mp4, 9_04.mp4, 9_05.mp4, 9_06.mp4, 9_07.mp4"
